Product,Sep 2024,Oct 2024,Nov 2024,Dec 2024,Jan 2025,Feb 2025,Mar 2025,Apr 2025,May 2025,Jun 2025,Jul 2025,Aug 2025,Sep 2025,Oct 2025,Nov 2025,Dec 2025,Jan 2026,Feb 2026,Mar 2026,Apr 2026,May 2026,Jun 2026,Jul 2026,Aug 2026
Size 1 Diapers,868,774,749,"1,047",920,"1,151","1,309","1,068",993,"1,049",936,989,842,"1,033","1,246","1,259","1,361","1,237","1,516","1,281","1,317","1,387","1,145","1,205"
Size 3 Diapers,"1,215","1,240","1,366","1,233","1,537","1,434","1,416","1,683","1,534","1,450","1,294","1,230","1,289","1,206","1,460","1,342","1,391","1,430","1,745","1,383","1,415","1,398","1,234","1,199"
Size 4 Diapers,"1,204","1,358","1,594","1,433","1,714","1,558","1,933","1,951","1,758","1,780","1,397","1,474","1,399","1,426","1,461","1,763","1,949","1,794","1,931","1,570","1,824","1,671","1,699","1,527"
Size 5 Diapers,996,"1,090","1,010","1,322","1,224","1,418","1,422","1,307","1,297","1,409","1,202","1,339","1,185","1,114","1,303","1,382","1,447","1,704","1,834","1,923","2,014","1,759","1,517","1,387"
Size 6 Diapers,460,480,511,597,662,630,587,661,620,612,630,552,512,540,584,520,722,735,768,739,624,582,489,543
Newborn Diapers,270,349,318,309,388,348,411,400,427,362,282,278,286,317,368,361,373,350,401,452,374,330,289,327
Baby Wipes (packs),676,751,774,774,"1,057",957,"1,095","1,167","1,086",898,941,759,952,905,"1,096","1,030","1,082","1,281","1,315","1,371","1,321","1,317","1,233",997
Pull-Ups 3T-4T,652,659,606,725,749,714,734,792,756,810,813,669,758,795,846,780,808,860,875,871,952,966,888,761
Period Pads,"1,112",932,"1,210","1,430","1,515","1,609","1,544","1,407","1,643","1,362","1,475","1,482","1,253","1,311","1,661","1,724","1,596","1,686","1,765","2,215","2,093","1,626","1,884","1,884"
